sample_id,company_name,stock_code,exchange,board,listing_date,ipo_year,source_platform,source_page_url,prospectus_title,prospectus_url,prospectus_version,prospectus_date,download_status,parse_status,locate_status,extract_status,review_status,notes,candidate_text_path,json_path,event_count,investor_count,candidate_signal_count,validation_pass_count,validation_info_count,validation_warning_count,validation_error_count,final_status
MB001,芜湖三联锻造股份有限公司,001282,SZSE,主板,2023-05-24,2023,巨潮资讯,https://static.cninfo.com.cn/finalpage/2023-05-17/1216830304.PDF,首次公开发行股票并在主板上市招股说明书,https://static.cninfo.com.cn/finalpage/2023-05-17/1216830304.PDF,正式稿,2023-05-17,success,success,success,success,pass,替换原样本天和磁材；该样本含创业投资基金股东与增资股本变化信息；PDF下载成功；MinerU完整解析成功；第5步章节定位成功，候选文本：outputs/week1_candidate_texts/MB001_001282_candidate.txt；第6步PE/VC研究事件池JSON抽取成功，事件数=1，投资方线索数=6，候选信号数=16，输出JSON：outputs/week1_sample_json/MB001_001282.json；第6步v5.1清洗完成；第7步JSON校验通过，PASS=1，INFO=0，WARNING=0，ERROR=0。,outputs/week1_candidate_texts/MB001_001282_candidate.txt,outputs/week1_sample_json/MB001_001282.json,1,6,16,1,0,0,0,week1_pass
MB002,上海友升铝业股份有限公司,603418,SSE,主板,2025-09-23,2025,巨潮资讯,https://static.cninfo.com.cn/finalpage/2025-09-18/1224667002.PDF,友升股份首次公开发行股票并在主板上市招股说明书,https://static.cninfo.com.cn/finalpage/2025-09-18/1224667002.PDF,正式稿,2025-09-18,success,success,success,success,pass,保留；PDF下载成功；MinerU完整解析成功；第5步章节定位成功，候选文本：outputs/week1_candidate_texts/MB002_603418_candidate.txt；第6步PE/VC研究事件池JSON抽取成功，事件数=3，投资方线索数=35，候选信号数=16，输出JSON：outputs/week1_sample_json/MB002_603418.json；第6步v5.1清洗完成；第7步JSON校验通过，PASS=1，INFO=0，WARNING=0，ERROR=0。,outputs/week1_candidate_texts/MB002_603418_candidate.txt,outputs/week1_sample_json/MB002_603418.json,3,35,16,1,0,0,0,week1_pass
GEM001,黄山谷捷股份有限公司,301581,SZSE,创业板,2025-01-03,2025,巨潮资讯,https://static.cninfo.com.cn/finalpage/2024-12-19/1222066314.PDF,黄山谷捷首次公开发行股票并在创业板上市招股说明书,https://static.cninfo.com.cn/finalpage/2024-12-19/1222066314.PDF,正式稿,2024-12-19,success,success,success,success,pass,保留；PDF下载成功；MinerU完整解析成功；第5步章节定位成功，候选文本：outputs/week1_candidate_texts/GEM001_301581_candidate.txt；第6步PE/VC研究事件池JSON抽取成功，事件数=2，投资方线索数=7，候选信号数=14，输出JSON：outputs/week1_sample_json/GEM001_301581.json；第6步v5.1清洗完成；第7步JSON校验通过，PASS=1，INFO=0，WARNING=0，ERROR=0。,outputs/week1_candidate_texts/GEM001_301581_candidate.txt,outputs/week1_sample_json/GEM001_301581.json,2,7,14,1,0,0,0,week1_pass
GEM002,云汉芯城（上海）互联网科技股份有限公司,301563,SZSE,创业板,2025-09-30,2025,巨潮资讯,https://static.cninfo.com.cn/finalpage/2025-09-25/1224679402.PDF,云汉芯城首次公开发行股票并在创业板上市招股说明书,https://static.cninfo.com.cn/finalpage/2025-09-25/1224679402.PDF,正式稿,2025-09-25,success,success,success,success,pass,保留；PDF下载成功；MinerU完整解析成功；第5步章节定位成功，候选文本：outputs/week1_candidate_texts/GEM002_301563_candidate.txt；第6步PE/VC研究事件池JSON抽取成功，事件数=4，投资方线索数=49，候选信号数=18，输出JSON：outputs/week1_sample_json/GEM002_301563.json；第6步v5.1清洗完成；第7步JSON校验通过，PASS=1，INFO=0，WARNING=0，ERROR=0。,outputs/week1_candidate_texts/GEM002_301563_candidate.txt,outputs/week1_sample_json/GEM002_301563.json,4,49,18,1,0,0,0,week1_pass
STAR001,苏州赛分科技股份有限公司,688758,SSE,科创板,2025-01-10,2025,巨潮资讯,https://static.cninfo.com.cn/finalpage/2025-01-06/1222238930.PDF,赛分科技首次公开发行股票并在科创板上市招股说明书,https://static.cninfo.com.cn/finalpage/2025-01-06/1222238930.PDF,正式稿,2025-01-06,success,success,success,success,pass,保留；PDF下载成功；MinerU完整解析成功；第5步章节定位成功，候选文本：outputs/week1_candidate_texts/STAR001_688758_candidate.txt；第6步PE/VC研究事件池JSON抽取成功，事件数=4，投资方线索数=42，候选信号数=17，输出JSON：outputs/week1_sample_json/STAR001_688758.json；第6步v5.1清洗完成；第7步JSON校验通过，PASS=1，INFO=0，WARNING=0，ERROR=0。,outputs/week1_candidate_texts/STAR001_688758_candidate.txt,outputs/week1_sample_json/STAR001_688758.json,4,42,17,1,0,0,0,week1_pass
STAR002,影石创新科技股份有限公司,688775,SSE,科创板,2025-06-11,2025,巨潮资讯,https://static.cninfo.com.cn/finalpage/2025-06-06/1223788474.PDF,影石创新首次公开发行股票并在科创板上市招股说明书,https://static.cninfo.com.cn/finalpage/2025-06-06/1223788474.PDF,正式稿,2025-06-06,success,success,success,success,pass,保留；PDF下载成功；MinerU完整解析成功；第5步章节定位成功，候选文本：outputs/week1_candidate_texts/STAR002_688775_candidate.txt；第6步PE/VC研究事件池JSON抽取成功，事件数=1，投资方线索数=31，候选信号数=16，输出JSON：outputs/week1_sample_json/STAR002_688775.json；第6步v5.1清洗完成；第7步JSON校验通过，PASS=1，INFO=0，WARNING=0，ERROR=0。,outputs/week1_candidate_texts/STAR002_688775_candidate.txt,outputs/week1_sample_json/STAR002_688775.json,1,31,16,1,0,0,0,week1_pass
BSE001,常州三协电机股份有限公司,920100,BSE,北交所,2025-09-08,2025,北京证券交易所,https://www.bse.cn/disclosure/2025/2025-07-11/1752226211_504693.pdf,常州三协电机股份有限公司招股说明书（申报稿）,https://www.bse.cn/disclosure/2025/2025-07-11/1752226211_504693.pdf,申报稿,2025-07-11,success,success,success,success,pass,保留；PDF下载成功；MinerU完整解析成功；第5步章节定位成功，候选文本：outputs/week1_candidate_texts/BSE001_920100_candidate.txt；第6步PE/VC研究事件池JSON抽取成功，事件数=5，投资方线索数=8，候选信号数=20，输出JSON：outputs/week1_sample_json/BSE001_920100.json；第6步v5.1清洗完成；第7步JSON校验通过，PASS=1，INFO=1，WARNING=0，ERROR=0。,outputs/week1_candidate_texts/BSE001_920100_candidate.txt,outputs/week1_sample_json/BSE001_920100.json,5,8,20,1,1,0,0,week1_pass
BSE002,中科星图测控技术股份有限公司,920116,BSE,北交所,2025-01-02,2025,北京证券交易所,https://www.bse.cn/disclosure/2024/2024-12-20/1734690128_320590.pdf,中科星图测控技术股份有限公司招股说明书,https://www.bse.cn/disclosure/2024/2024-12-20/1734690128_320590.pdf,正式稿,2024-12-20,success,success,success,success,pass,替换原样本大鹏工业；该样本含新增股东增资金额与创业投资股东信息；PDF下载成功；MinerU完整解析成功；第5步章节定位成功，候选文本：outputs/week1_candidate_texts/BSE002_920116_candidate.txt；第6步PE/VC研究事件池JSON抽取成功，事件数=3，投资方线索数=7，候选信号数=13，输出JSON：outputs/week1_sample_json/BSE002_920116.json；第6步v5.1清洗完成；第7步JSON校验通过，PASS=1，INFO=2，WARNING=0，ERROR=0。,outputs/week1_candidate_texts/BSE002_920116_candidate.txt,outputs/week1_sample_json/BSE002_920116.json,3,7,13,1,2,0,0,week1_pass
